{
    "sensor_id": "sensor-1",
    "errors_metrics": {
        "tick_count": 50,
        "tick_with_error_count": 42,
        "tick_with_error_pct": 0.84,
        "duration": 245.0,
        "uptime": -134.69933061048027,
        "downtime": 379.6993306104803,
        "error_rate": 1.5497931861652257,
        "mean_error_duration": 34.518120964589116,
        "t": [
            0.0,
            5.0,
            10.0,
            15.0,
            20.0,
            25.0,
            30.0,
            35.0,
            40.0,
            45.0,
            50.0,
            55.0,
            60.0,
            65.0,
            70.0,
            75.0,
            80.0,
            85.0,
            90.0,
            95.0,
            100.0,
            105.0,
            110.0,
            115.0,
            120.0,
            125.0,
            130.0,
            135.0,
            140.0,
            145.0,
            150.0,
            155.0,
            160.0,
            165.0,
            170.0,
            175.0,
            180.0,
            185.0,
            190.0,
            195.0,
            200.0,
            205.0,
            210.0,
            215.0,
            220.0,
            225.0,
            230.0,
            235.0,
            240.0,
            245.0
        ],
        "reliability": [
            1.0,
            0.00043118818853446944,
            1.8592325393163715e-07,
            8.016791106921672e-11,
            3.4567456352528025e-14,
            1.490507888689091e-17,
            6.426893965201841e-21,
            2.7712007667585073e-24,
            1.1949090386839302e-27,
            5.152306638535905e-31,
            2.221613766244412e-34,
            9.579336154901657e-38,
            4.1304966039947837e-41,
            1.7810213484242839e-44,
            7.679553689682938e-48,
            3.3113328442075787e-51,
            1.4278076107285544e-54,
            6.156537772457813e-58,
            2.654626369750115e-61,
            1.1446435356083837e-64,
            4.935567726366681e-68,
            2.1281585073212334e-71,
            9.176368116860605e-75,
            3.956741545634574e-78,
            1.7061002195612442e-81,
            7.356502631308714e-85,
            3.1720370435430543e-88,
            1.3677449067695986e-91,
            5.897554487272284e-95,
            2.542955836150261e-98,
            1.0964925205127852e-101,
            4.7279462366150116e-105,
            2.038634573254383e-108,
            8.790351487252963e-112,
            3.7902957343699816e-115,
            1.634330751712868e-118,
            7.047041162972675e-122,
            3.038600913589934e-125,
            1.310208823610061e-128,
            5.649465692542828e-132,
            2.4359828781552368e-135,
            1.050367044532707e-138,
            4.5290586322837396e-142,
            1.9528765874208776e-145,
            8.420573181613585e-149,
            3.630851696601989e-152,
            1.565580365895068e-155,
            6.750597619754436e-159,
            2.910777959186926e-162,
            1.2550930754479025e-165
        ]
    }
}