{
    "sensor_id": "sensor-3",
    "errors_metrics": {
        "tick_count": 50,
        "tick_with_error_count": 41,
        "tick_with_error_pct": 0.8200000000000001,
        "duration": 245.0,
        "uptime": -155.38618718883959,
        "downtime": 400.3861871888396,
        "error_rate": 1.6342293354646513,
        "mean_error_duration": 25.024136699302474,
        "t": [
            0.0,
            5.0,
            10.0,
            15.0,
            20.0,
            25.0,
            30.0,
            35.0,
            40.0,
            45.0,
            50.0,
            55.0,
            60.0,
            65.0,
            70.0,
            75.0,
            80.0,
            85.0,
            90.0,
            95.0,
            100.0,
            105.0,
            110.0,
            115.0,
            120.0,
            125.0,
            130.0,
            135.0,
            140.0,
            145.0,
            150.0,
            155.0,
            160.0,
            165.0,
            170.0,
            175.0,
            180.0,
            185.0,
            190.0,
            195.0,
            200.0,
            205.0,
            210.0,
            215.0,
            220.0,
            225.0,
            230.0,
            235.0,
            240.0,
            245.0
        ],
        "reliability": [
            1.0,
            0.0002826936720974765,
            7.991571224395557e-08,
            2.2591666152529147e-11,
            6.38652106345871e-15,
            1.8054290913570236e-18,
            5.1038337954733105e-22,
            1.442821517417551e-25,
            4.078765129400178e-29,
            1.1530410920532835e-32,
            3.2595742039182486e-36,
            9.214610011798649e-40,
            2.60491194118155e-43,
            7.363921221431729e-47,
            2.0817339311230849e-50,
            5.884930093190959e-54,
            1.663632498081085e-57,
            4.7029837990325e-61,
            1.3295037599634286e-64,
            3.758422999714609e-68,
            1.0624823990849283e-71,
            3.003570509362613e-75,
            8.49090376695399e-79,
            2.4003247653065023e-82,
            6.78556622131023e-86,
            1.9182366323627736e-89,
            5.422733575545256e-93,
            1.5329724672771562e-96,
            4.333616159989172e-100,
            1.2250858657282957e-103,
            3.4632402201744547e-107,
            9.790360951967827e-111,
            2.7676730886715116e-114,
            7.8240366860193095e-118,
            2.2118056613962167e-121,
            6.25263464386062e-125,
            1.7675802477568938e-128,
            4.996837509653743e-132,
            1.4125743444783762e-135,
            3.993258285512864e-139,
            1.1288688483652649e-142,
            3.191240800608329e-146,
            9.021435804712787e-150,
            2.55030281522582e-153,
            7.209544677967346e-157,
            2.0380926591654513e-160,
            5.761558978943715e-164,
            1.628756264763821e-167,
            4.604390894378641e-171,
            1.301632169704036e-174
        ]
    }
}