{
    "sensor_id": "sensor-6",
    "errors_metrics": {
        "tick_count": 50,
        "tick_with_error_count": 5,
        "tick_with_error_pct": 0.09999999999999998,
        "duration": 245.0,
        "uptime": 220.34081537893462,
        "downtime": 24.65918462106538,
        "error_rate": 0.10064973314720563,
        "mean_error_duration": 24.65918462106538,
        "t": [
            0.0,
            5.0,
            10.0,
            15.0,
            20.0,
            25.0,
            30.0,
            35.0,
            40.0,
            45.0,
            50.0,
            55.0,
            60.0,
            65.0,
            70.0,
            75.0,
            80.0,
            85.0,
            90.0,
            95.0,
            100.0,
            105.0,
            110.0,
            115.0,
            120.0,
            125.0,
            130.0,
            135.0,
            140.0,
            145.0,
            150.0,
            155.0,
            160.0,
            165.0,
            170.0,
            175.0,
            180.0,
            185.0,
            190.0,
            195.0,
            200.0,
            205.0,
            210.0,
            215.0,
            220.0,
            225.0,
            230.0,
            235.0,
            240.0,
            245.0
        ],
        "reliability": [
            1.0,
            0.6045634414879355,
            0.3654969547837364,
            0.220966096837416,
            0.13358802395618466,
            0.08076243550452376,
            0.04882601595156231,
            0.029518424237821344,
            0.017845760144518167,
            0.010788894168938138,
            0.00652257098862236,
            0.003943307964230899,
            0.002383979833702217,
            0.0014412670527008484,
            0.0008713373694839985,
            0.0005267787187922909,
            0.00031847115513567305,
            0.00019253601756346052,
            0.00011640023738854737,
            7.037132810563279e-05,
            4.254393230161807e-05,
            2.572050612669594e-05,
            1.554967770076684e-05,
            9.400766664803816e-06,
            5.683359847498851e-06,
            3.435951588618256e-06,
            2.07725071720099e-06,
            1.255829842424314e-06,
            7.592288114592942e-07,
            4.5900198313262616e-07,
            2.774958185724475e-07,
            1.6776382707467077e-07,
            1.0142387665344993e-07,
            6.13171679186576e-08,
            3.707011805919717e-08,
            2.241123815023233e-08,
            1.3549015264110181e-08,
            8.191239296843026e-09,
            4.952123819350623e-09,
            2.9938730189009945e-09,
            1.8099861756846616e-09,
            1.094251471417507e-09,
            6.615444354134034e-10,
            3.9994558057072077e-10,
            2.417924765977255e-10,
            1.4617889177781217e-10,
            8.837441388608667e-11,
            5.3427939798451605e-11,
            3.230057915616216e-11,
            1.9527749296702886e-11
        ]
    }
}