{
    "sensor_id": "sensor-4",
    "errors_metrics": {
        "tick_count": 50,
        "tick_with_error_count": 6,
        "tick_with_error_pct": 0.12,
        "duration": 245.0,
        "uptime": 221.23991688331475,
        "downtime": 23.76008311668525,
        "error_rate": 0.09697993108851123,
        "mean_error_duration": 7.9200277055617505,
        "t": [
            0.0,
            5.0,
            10.0,
            15.0,
            20.0,
            25.0,
            30.0,
            35.0,
            40.0,
            45.0,
            50.0,
            55.0,
            60.0,
            65.0,
            70.0,
            75.0,
            80.0,
            85.0,
            90.0,
            95.0,
            100.0,
            105.0,
            110.0,
            115.0,
            120.0,
            125.0,
            130.0,
            135.0,
            140.0,
            145.0,
            150.0,
            155.0,
            160.0,
            165.0,
            170.0,
            175.0,
            180.0,
            185.0,
            190.0,
            195.0,
            200.0,
            205.0,
            210.0,
            215.0,
            220.0,
            225.0,
            230.0,
            235.0,
            240.0,
            245.0
        ],
        "reliability": [
            1.0,
            0.6157589817268544,
            0.3791591235772926,
            0.23347063584640024,
            0.1437616409919006,
            0.0885225216685543,
            0.05450853780252242,
            0.03356412173270095,
            0.02066740942068412,
            0.012726142979812451,
            0.007836236842559666,
            0.004825233218745003,
            0.0029711806933690158,
            0.0018295311982753934,
            0.0011265502676875683,
            0.000693683445695412,
            0.00042714181216218274,
            0.0002630164073099488,
            0.00016195471514262973,
            9.972507048208848e-05,
            6.14066078526895e-05,
            3.781167032267236e-05,
            2.328287561528026e-05,
            1.4336639780537985e-05,
            8.827914712648787e-06,
            5.435867774232125e-06,
            3.347184405462997e-06,
            2.0610588611599022e-06,
            1.2691155056269321e-06,
            7.814692714386005e-07,
            4.811967228318596e-07,
            2.9630120406124535e-07,
            1.824501276971934e-07,
            1.123453048467584e-07,
            6.917763051423289e-08,
            4.259674732372071e-08,
            2.6229329756930335e-08,
            1.615094538250528e-08,
            9.945089682657514e-09,
            6.1237782961754275e-09,
            3.770771487973987e-09,
            2.321886411759523e-09,
            1.4297224125904616e-09,
            8.803644169287661e-10,
            5.420922969166121e-10,
            3.337982007513442e-10,
            2.0553924019690427e-10,
            1.2656263324855693e-10,
            7.79320781738009e-11,
            4.798737710015719e-11
        ]
    }
}