{
    "sensor_id": "sensor-2",
    "errors_metrics": {
        "tick_count": 50,
        "tick_with_error_count": 42,
        "tick_with_error_pct": 0.84,
        "duration": 245.0,
        "uptime": -241.13915439233165,
        "downtime": 486.13915439233165,
        "error_rate": 1.9842414464993128,
        "mean_error_duration": 60.767394299041456,
        "t": [
            0.0,
            5.0,
            10.0,
            15.0,
            20.0,
            25.0,
            30.0,
            35.0,
            40.0,
            45.0,
            50.0,
            55.0,
            60.0,
            65.0,
            70.0,
            75.0,
            80.0,
            85.0,
            90.0,
            95.0,
            100.0,
            105.0,
            110.0,
            115.0,
            120.0,
            125.0,
            130.0,
            135.0,
            140.0,
            145.0,
            150.0,
            155.0,
            160.0,
            165.0,
            170.0,
            175.0,
            180.0,
            185.0,
            190.0,
            195.0,
            200.0,
            205.0,
            210.0,
            215.0,
            220.0,
            225.0,
            230.0,
            235.0,
            240.0,
            245.0
        ],
        "reliability": [
            1.0,
            4.9121819518506584e-05,
            2.4129531528087346e-09,
            1.1852864927888168e-13,
            5.822342917649612e-18,
            2.860040779756393e-22,
            1.4049040699876135e-26,
            6.90114441667469e-31,
            3.3899677050704596e-35,
            1.6652138178203588e-39,
            8.179833261869556e-44,
            4.0180829318103046e-48,
            1.9737554458677618e-52,
            9.695445878558499e-57,
            4.762579425980025e-61,
            2.3394656700554512e-65,
            1.1491881041420677e-69,
            5.6450210644480194e-74,
            2.772937059059855e-78,
            1.362117137513176e-82,
            6.690967219198753e-87,
            3.28672484145718e-91,
            1.6144990446905293e-95,
            7.930713068609004e-100,
            3.895710560092647e-104,
            1.9136439102921257e-108,
            9.400167078405699e-113,
            4.6175331066925536e-117,
            2.2682162788768224e-121,
            1.1141891067992666e-125,
            5.4730996213680024e-130,
            2.6884861180764765e-134,
            1.3206332987016399e-138,
            6.487191054894873e-143,
            3.1866262818061854e-147,
            1.5653288108781426e-151,
            7.689179933507519e-156,
            3.7770650893908147e-160,
            1.855363096307089e-164,
            9.113881115809501e-169,
            4.476904232839229e-173,
            2.1991368172715585e-177,
            1.0802560183451726e-181,
            5.306414116693248e-186,
            2.6066071653066313e-190,
            1.280412867298393e-194,
            6.289620977660564e-199,
            3.089576265044573e-203,
            1.5176560768017364e-207,
            7.45500278958202e-212
        ]
    }
}