{
    "sensor_id": "sensor-5",
    "errors_metrics": {
        "tick_count": 50,
        "tick_with_error_count": 5,
        "tick_with_error_pct": 0.09999999999999998,
        "duration": 245.0,
        "uptime": 206.57457946144692,
        "downtime": 38.42542053855308,
        "error_rate": 0.15683845117776765,
        "mean_error_duration": 12.808473512851025,
        "t": [
            0.0,
            5.0,
            10.0,
            15.0,
            20.0,
            25.0,
            30.0,
            35.0,
            40.0,
            45.0,
            50.0,
            55.0,
            60.0,
            65.0,
            70.0,
            75.0,
            80.0,
            85.0,
            90.0,
            95.0,
            100.0,
            105.0,
            110.0,
            115.0,
            120.0,
            125.0,
            130.0,
            135.0,
            140.0,
            145.0,
            150.0,
            155.0,
            160.0,
            165.0,
            170.0,
            175.0,
            180.0,
            185.0,
            190.0,
            195.0,
            200.0,
            205.0,
            210.0,
            215.0,
            220.0,
            225.0,
            230.0,
            235.0,
            240.0,
            245.0
        ],
        "reliability": [
            1.0,
            0.456488278626588,
            0.20838154852346544,
            0.09512373438301955,
            0.04342286976503738,
            0.01982203107206842,
            0.009048524842971254,
            0.004130545529677866,
            0.0018855456186313974,
            0.0008607294737209516,
            0.00039291291582204595,
            0.00017936014059375923,
            8.187580183386798e-05,
            3.737534384031403e-05,
            1.7061406372741804e-05,
            7.788332026041605e-06,
            3.555282279940059e-06,
            1.622944688001449e-06,
            7.408552269319464e-07,
            3.3819172725367446e-07,
            1.5438055941978214e-07,
            7.047291582294617e-08,
            3.217006003381308e-08,
            1.4685255328149356e-08,
            6.703646925938818e-09,
            3.060136245742235e-09,
            1.3969163271817e-09,
            6.376759295805488e-10,
            2.910915874158346e-10,
            1.3287989766213507e-10,
            6.065811574786533e-11,
            2.7689718842475326e-11,
            1.2640032090055785e-11,
            5.770026490574389e-12,
            2.6339494603121204e-12,
            1.2023670551273083e-12,
            5.488664672723859e-13,
            2.5055110884102746e-13,
            1.1437364438282374e-13,
            5.221022804456465e-14,
            2.3833357126764886e-14,
            1.0879648168689608e-14,
            4.966431864588057e-15,
            2.267117932782034e-15,
            1.0349127625791375e-15,
            4.724255455184365e-16,
            2.1565672405293904e-16,
            9.844476673717507e-17,
            4.493888210764896e-17,
            2.0514072936723815e-17
        ]
    }
}